mean_fit_time,std_fit_time,mean_score_time,std_score_time,param_alpha,params,split0_test_score,split1_test_score,split2_test_score,mean_test_score,std_test_score,rank_test_score
0.009004354476928711,0.0004028712935200933,0.005590279897054036,0.000407264266095215,0.01,{'alpha': 0.01},-0.029642320047798373,-0.021165149520719077,-0.019479986154883566,-0.02342915190780034,0.004446911860628939,1
0.00885160764058431,0.0012759074505052977,0.005391677220662435,0.0005419944037821649,0.1,{'alpha': 0.1},-0.11261631727989183,-0.0750900219283906,-0.08515974713215252,-0.09095536211347832,0.01585870056595331,2
0.00892488161722819,0.0008729168600247522,0.007284005482991536,0.0019663954370832885,1.0,{'alpha': 1.0},-0.2681253414322931,-0.2313486458840674,-0.2455487589438823,-0.24834091542008094,0.015143280956745683,3
