mean_fit_time,std_fit_time,mean_score_time,std_score_time,param_alpha,params,split0_test_score,split1_test_score,split2_test_score,mean_test_score,std_test_score,rank_test_score
0.009898503621419271,0.001753488113864275,0.005869944890340169,0.0006407464111093426,0.01,{'alpha': 0.01},-0.02727510916038943,-0.021421928457970807,-0.018385544044569657,-0.022360860554309966,0.0036893799929212886,3
0.008736928304036459,0.0006916151448064316,0.005860249201456706,0.00024254137671870902,0.1,{'alpha': 0.1},-0.02722399738628146,-0.021386824095843297,-0.01837519701177788,-0.02232867283130088,0.003673384116162821,2
0.007698218027750651,0.0013308728155897215,0.006201585133870442,0.00021633262747393256,1.0,{'alpha': 1.0},-0.02698827561010514,-0.021098926474916197,-0.01831636042627147,-0.0221345208370976,0.003615233510313238,1
